<?xml version="1.0" encoding="UTF-8"?>
<project-private xmlns="http://www.netbeans.org/ns/project-private/1">
    <editor-bookmarks xmlns="http://www.netbeans.org/ns/editor-bookmarks/2" lastBookmarkId="0"/>
    <open-files xmlns="http://www.netbeans.org/ns/projectui-open-files/2">
        <group>
            <file>file:/C:/Users/shwet/OneDrive/Documents/NetBeansProjects/cafeteria/src/Signup_form.java</file>
            <file>file:/C:/Users/shwet/OneDrive/Documents/NetBeansProjects/cafeteria/src/dashboard.java</file>
            <file>file:/C:/Users/shwet/OneDrive/Documents/NetBeansProjects/cafeteria/src/Login_form.java</file>
            <file>file:/C:/Users/shwet/OneDrive/Documents/NetBeansProjects/cafeteria/test/dataBaseTest.java</file>
            <file>file:/C:/Users/shwet/OneDrive/Documents/NetBeansProjects/cafeteria/src/dataBase.java</file>
            <file>file:/C:/Users/shwet/OneDrive/Documents/NetBeansProjects/cafeteria/test/Login_formTest.java</file>
            <file>file:/C:/Users/shwet/OneDrive/Documents/NetBeansProjects/cafeteria/test/Signup_formTest.java</file>
        </group>
    </open-files>
</project-private>
